episode,p1_win_rate_batch,p2_oversampling_ratio,actor_loss,critic_loss,total_loss,policy_entropy
15,0.5625,1.0,0.09265744686126709,1.009572982788086,0.5974439382553101,3.890448570251465
31,0.6875,1.0,-0.0033578581642359495,0.9773801565170288,0.4853322207927704,3.8895492553710938
47,0.5,1.0,-0.13191798329353333,0.9896867871284485,0.3629254102706909,3.8883700370788574
63,0.75,1.0,-0.3502427935600281,0.9703322052955627,0.1349233090877533,3.8870012760162354
79,0.4375,1.0,-0.03633458539843559,0.9986822009086609,0.46300652623176575,3.885875701904297
95,0.625,1.0,-0.12026757001876831,0.9878962635993958,0.37368056178092957,3.8852005004882812
111,0.6875,1.0,-0.11729908734560013,0.9474741816520691,0.356438010931015,3.883754253387451
127,0.5,1.0,0.024629641324281693,0.9933465123176575,0.5213028788566589,3.882622241973877
143,0.75,1.0,-0.14493899047374725,0.9858443140983582,0.347983181476593,3.8805201053619385
159,0.5,1.0,-0.17169173061847687,0.9823881983757019,0.3195023536682129,3.8790791034698486
175,0.625,1.0,0.019658243283629417,1.002687692642212,0.5210021138191223,3.878535032272339
191,0.5625,1.0,0.013488031923770905,0.9688124656677246,0.4978942573070526,3.8770227432250977
207,0.4375,1.0,0.14527150988578796,0.95414137840271,0.6223422288894653,3.8753321170806885
223,0.5,1.0,0.007246777880936861,1.0010511875152588,0.5077723860740662,3.8743510246276855
239,0.5625,1.0,0.07197539508342743,1.0055515766143799,0.5747511982917786,3.8744964599609375
255,0.6875,1.0,0.11637038737535477,0.9524818658828735,0.5926113128662109,3.874208688735962
271,0.6875,1.0,-0.04799516126513481,0.9873427748680115,0.4456762373447418,3.8718106746673584
287,0.5,1.0,0.1513330042362213,0.9926691651344299,0.6476675868034363,3.8721139430999756
303,0.75,1.0,0.062471240758895874,0.9695613980293274,0.5472519397735596,3.872917890548706
319,0.6875,1.0,-0.022403744980692863,0.9995399117469788,0.47736620903015137,3.8720717430114746
335,0.5625,1.0,-0.03447956219315529,0.9652360081672668,0.44813844561576843,3.8721563816070557
351,0.4375,1.0,0.047113366425037384,0.9547012448310852,0.5244640111923218,3.8700597286224365
367,0.4375,1.0,0.01548479963093996,0.9485076665878296,0.4897386431694031,3.8715507984161377
383,0.625,1.0,-0.3025071620941162,0.9976082444190979,0.19629696011543274,3.8706889152526855
399,0.5,1.0,-0.11314486712217331,0.9729055762290955,0.3733079135417938,3.8702993392944336
415,0.8125,1.0,-0.19806766510009766,0.9613936543464661,0.2826291620731354,3.8666415214538574
431,0.4375,1.0,-0.03910030052065849,0.9905226230621338,0.4561610221862793,3.866511821746826
447,0.375,1.0,-0.2690606415271759,0.9652171730995178,0.213547945022583,3.865434169769287
463,0.5625,1.0,-0.13779249787330627,0.9930604696273804,0.3587377369403839,3.863110065460205
479,0.5,1.0,-0.158047616481781,0.9972044825553894,0.3405546247959137,3.860560178756714
495,0.6875,1.0,0.03113982453942299,0.884425699710846,0.47335267066955566,3.8599109649658203
511,0.625,1.0,0.0486932173371315,0.9517297744750977,0.5245581269264221,3.8562939167022705
527,0.5,1.0,0.035851385444402695,0.9849418997764587,0.5283223390579224,3.8516244888305664
543,0.5,1.0,0.21768781542778015,0.9997779130935669,0.7175767421722412,3.8519744873046875
559,0.5,1.0,0.0851149708032608,0.9875282049179077,0.5788790583610535,3.8494765758514404
575,0.4375,1.0,0.07057784497737885,1.037760853767395,0.5894582867622375,3.8461551666259766
591,0.6875,1.0,0.0028612797614187002,0.9334534406661987,0.4695880115032196,3.8464038372039795
607,0.4375,1.0,0.1655593365430832,0.940869927406311,0.6359943151473999,3.846710205078125
623,0.75,1.0,0.12379302084445953,0.9874222874641418,0.6175041794776917,3.8463051319122314
639,0.5625,1.0,-0.06579890847206116,0.9581592679023743,0.413280725479126,3.8472344875335693
655,0.5,1.0,-0.2346777617931366,0.950572669506073,0.2406085729598999,3.8448140621185303
671,0.75,1.0,-0.08044134825468063,0.9673876166343689,0.4032524526119232,3.8409998416900635
687,0.625,1.0,-0.010591433383524418,1.0092384815216064,0.4940277934074402,3.8400027751922607
703,0.625,1.0,-0.05949946492910385,0.9958137273788452,0.43840739130973816,3.8372137546539307
719,0.6875,1.0,0.06857580691576004,0.9907330870628357,0.5639423727989197,3.835179328918457
735,0.375,1.0,0.05891939252614975,0.9742851257324219,0.5460619330406189,3.830627202987671
751,0.625,1.0,0.007237186189740896,0.9761106967926025,0.4952925443649292,3.8247182369232178
767,0.6875,1.0,-0.012760638259351254,0.9870730042457581,0.4807758629322052,3.8223376274108887
783,0.5,1.0,-0.3125244677066803,0.9935383796691895,0.18424472212791443,3.825139045715332
799,0.625,1.0,-0.24847456812858582,0.9457917213439941,0.22442129254341125,3.8257126808166504
815,0.4375,1.0,-0.17560571432113647,0.9341809153556824,0.2914847433567047,3.820687770843506
831,0.375,1.0,-0.0063321287743747234,0.9819400310516357,0.48463788628578186,3.8193130493164062
847,0.5,1.0,-0.027860378846526146,0.9841864705085754,0.464232861995697,3.821735143661499
863,0.6875,1.0,-0.13629065454006195,0.9460163712501526,0.33671754598617554,3.816358804702759
879,0.5,1.0,0.10824956744909286,1.008871078491211,0.6126850843429565,3.8133699893951416
895,0.5625,1.0,-0.010073235258460045,0.9776912331581116,0.47877237200737,3.8100664615631104
911,0.6875,1.0,0.18622064590454102,0.9651180505752563,0.6687796711921692,3.8161425590515137
927,0.625,1.0,0.07319830358028412,0.9138728976249695,0.5301347374916077,3.8049521446228027
943,0.6875,1.0,0.07644867151975632,1.048634648323059,0.6007660031318665,3.7946341037750244
959,0.75,1.0,-0.022929657250642776,0.980029284954071,0.46708497405052185,3.7975234985351562
975,0.5625,1.0,0.2498541921377182,0.9372445344924927,0.7184764742851257,3.790611505508423
991,0.25,1.0,-0.15887725353240967,0.9669167399406433,0.324581116437912,3.7834696769714355
1007,0.625,1.0,0.1970212161540985,0.8853210210800171,0.6396816968917847,3.776526927947998
1023,0.5,1.0,0.12094565480947495,0.9406959414482117,0.5912936329841614,3.7639992237091064
1039,0.5625,1.0,-0.004516535438597202,0.9787848591804504,0.48487588763237,3.7559001445770264
1055,0.5,1.0,0.07133004069328308,0.9520330429077148,0.5473465919494629,3.73822283744812
1071,0.5,1.0,-0.03869808092713356,0.909195065498352,0.41589945554733276,3.726168155670166
1087,0.5625,1.0,-0.08286431431770325,1.0060317516326904,0.42015156149864197,3.708256244659424
1103,0.625,1.0,-0.10266707092523575,0.9222697615623474,0.35846781730651855,3.6943583488464355
1119,0.5,1.0,-0.0937093049287796,1.0720666646957397,0.44232404232025146,3.664851188659668
1135,0.75,1.0,-0.44818115234375,0.9722670316696167,0.03795236349105835,3.65889310836792
1151,0.5625,1.0,-0.14557866752147675,1.0233620405197144,0.36610233783721924,3.6485135555267334
1167,0.5,1.0,-0.3505361080169678,1.019738793373108,0.15933328866958618,3.6316416263580322
1183,0.6875,1.0,0.18762615323066711,0.9670446515083313,0.6711484789848328,3.602900981903076
1199,0.75,1.0,0.019796675071120262,0.9699167013168335,0.5047550201416016,3.6000020503997803
1215,0.5,1.0,-0.04999770224094391,0.9699499607086182,0.43497729301452637,3.579315423965454
1231,0.4375,1.0,0.0580081008374691,1.0455740690231323,0.5807951092720032,3.5695245265960693
1247,0.3125,1.0,0.19280031323432922,0.9241941571235657,0.6548973917961121,3.561122179031372
1263,0.625,1.0,-0.14915116131305695,1.003998041152954,0.3528478741645813,3.556626796722412
1279,0.5625,1.0,-0.01695791818201542,0.8944163918495178,0.43025028705596924,3.5173890590667725
1295,0.375,1.0,0.058937449008226395,0.9815113544464111,0.5496931076049805,3.4951171875
1311,0.625,1.0,-0.18886135518550873,0.9484423995018005,0.28535985946655273,3.4896061420440674
1327,0.4375,1.0,-0.11455809324979782,1.1151288747787476,0.44300633668899536,3.478935956954956
1343,0.5,1.0,-0.26611173152923584,0.9984790086746216,0.23312777280807495,3.4554712772369385
1359,0.5,1.0,-0.10991600900888443,0.9233534336090088,0.35176071524620056,3.423424005508423
1375,0.375,1.0,0.01945449225604534,0.9990951418876648,0.5190020799636841,3.404676675796509
1391,0.75,1.0,-0.1433529406785965,0.9450184106826782,0.3291562795639038,3.3997604846954346
1407,0.6875,1.0,0.2461591511964798,0.9781778454780579,0.7352480888366699,3.375103712081909
1423,0.5625,1.0,0.0733773484826088,0.9733594655990601,0.5600571036338806,3.385197639465332
1439,0.8125,1.0,-0.02602916769683361,0.9273518323898315,0.437646746635437,3.346215009689331
1455,0.4375,1.0,-0.12932933866977692,0.9876270890235901,0.36448419094085693,3.320923089981079
1471,0.75,1.0,-0.07518836855888367,1.0007705688476562,0.42519691586494446,3.312525987625122
1487,0.375,1.0,0.020297812297940254,0.9921594262123108,0.5163775086402893,3.2720372676849365
1503,0.5,1.0,0.23354093730449677,0.9551796913146973,0.7111307978630066,3.297043561935425
1519,0.625,1.0,-0.11741381883621216,0.9626504182815552,0.36391139030456543,3.2780158519744873
1535,0.5625,1.0,-0.14485809206962585,1.028032898902893,0.3691583573818207,3.22405743598938
1551,0.625,1.0,0.22748644649982452,0.9433698654174805,0.6991713643074036,3.2060039043426514
1567,0.4375,1.0,-0.33132100105285645,0.9172415137290955,0.12729975581169128,3.200648784637451
1583,0.4375,1.0,-0.26026955246925354,0.9769772291183472,0.22821906208992004,3.176872968673706
1599,0.3125,1.0,-0.2965227961540222,1.0103858709335327,0.20867013931274414,3.1032652854919434
1615,0.5,1.0,0.024404674768447876,0.9683959484100342,0.5086026191711426,3.105783224105835
1631,0.3125,1.0,0.16322189569473267,1.0497674942016602,0.6881056427955627,3.0460622310638428
1647,0.4375,1.0,-0.21172280609607697,0.9889190793037415,0.28273671865463257,3.029294490814209
1663,0.625,1.0,-0.14577241241931915,0.9794169068336487,0.343936026096344,3.0223116874694824
1679,0.5,1.0,0.04509485885500908,1.013515830039978,0.5518527626991272,2.9879534244537354
1695,0.625,1.0,-0.1006184071302414,0.8811882734298706,0.3399757146835327,2.9918439388275146
1711,0.625,1.0,0.16013292968273163,0.8970850110054016,0.6086754202842712,2.9642395973205566
1727,0.375,1.0,0.3289163112640381,1.0037760734558105,0.8308043479919434,2.904510498046875
1743,0.5625,1.0,0.06718144565820694,0.9770322442054749,0.5556975603103638,2.9188637733459473
1759,0.5625,1.0,0.006982025690376759,0.9782072901725769,0.49608567357063293,2.854301929473877
1775,0.375,1.0,-0.20028439164161682,1.0335878133773804,0.31650951504707336,2.834613561630249
1791,0.5625,1.0,-0.17699457705020905,0.8887632489204407,0.2673870325088501,2.83345627784729
1807,0.625,1.0,-0.12806209921836853,0.9877358675003052,0.36580583453178406,2.7919561862945557
1823,0.375,1.0,0.20714862644672394,1.0277124643325806,0.721004843711853,2.823371410369873
1839,0.5625,1.0,0.0021740905940532684,0.9331111907958984,0.4687296748161316,2.718721389770508
1855,0.625,1.0,0.16867825388908386,0.9624345898628235,0.6498955488204956,2.664393424987793
1871,0.625,1.0,0.12713631987571716,1.0798453092575073,0.6670589447021484,2.6712937355041504
1887,0.375,1.0,0.20389102399349213,0.9255135655403137,0.6666477918624878,2.590880870819092
1903,0.625,1.0,0.09152717143297195,0.9227544665336609,0.5529044270515442,2.5096726417541504
1919,0.5,1.0,-0.0565740205347538,0.9173644185066223,0.40210819244384766,2.4001224040985107
1935,0.5,1.0,-0.31843623518943787,0.9639240503311157,0.16352578997612,2.3386974334716797
1951,0.375,1.0,-0.2655920088291168,0.9398736953735352,0.20434483885765076,2.238523483276367
1967,0.5,1.0,-0.1402299851179123,0.9558678865432739,0.3377039432525635,2.2131175994873047
1983,0.25,1.0,0.12617920339107513,0.8260049223899841,0.539181649684906,2.2343592643737793
1999,0.6875,1.0,0.2994312047958374,0.9361740350723267,0.7675182223320007,2.084996461868286
2015,0.6875,1.0,0.09940660744905472,0.9471611976623535,0.5729871988296509,2.013411521911621
2031,0.75,1.0,0.10285574942827225,0.9710317254066467,0.5883716344833374,2.008803129196167
2047,0.4375,1.0,0.03727445751428604,0.8681899905204773,0.4713694453239441,1.863311529159546
2063,0.4375,1.0,0.018284840509295464,0.8523561358451843,0.4444628953933716,1.852034568786621
2079,0.25,1.0,-0.07109369337558746,0.9830392599105835,0.4204259514808655,1.7285212278366089
2095,0.5625,1.0,-0.229249507188797,1.033394694328308,0.28744783997535706,1.6328366994857788
2111,0.5,1.0,0.02976427972316742,0.9708215594291687,0.5151750445365906,1.6370927095413208
2127,0.75,1.0,0.23754839599132538,1.1077803373336792,0.7914385795593262,1.534608006477356
2143,0.375,1.0,0.17952245473861694,0.9864615201950073,0.6727532148361206,1.4305903911590576
2159,0.5625,1.0,-0.02230360172688961,0.9528585076332092,0.45412564277648926,1.5516290664672852
2175,0.4375,1.0,-0.05121832340955734,1.095733880996704,0.4966486096382141,1.499619722366333
2191,0.5625,1.0,-0.10974208265542984,0.8605990409851074,0.32055744528770447,1.4823997020721436
2207,0.5625,1.0,-0.024227535352110863,0.8547008633613586,0.4031229019165039,1.445163369178772
2223,0.5625,1.0,0.28602418303489685,1.0249409675598145,0.7984946966171265,1.3760740756988525
2239,0.4375,1.0,0.021099930629134178,0.9489659667015076,0.4955829083919525,1.3151822090148926
2255,0.6875,1.0,0.09740155190229416,1.138495922088623,0.6666495203971863,1.2603967189788818
2271,0.5625,1.0,-0.1608012616634369,0.9457473158836365,0.31207239627838135,1.227795958518982
2287,0.375,1.0,-0.23950029909610748,0.9396281242370605,0.2303137630224228,1.1898902654647827
2303,0.6875,1.0,0.06828323006629944,0.8272221088409424,0.48189428448677063,1.1598238945007324
2319,0.3125,1.0,0.17303535342216492,0.995851457118988,0.6709610819816589,1.1251081228256226
2335,0.6875,1.0,0.06951141357421875,0.9070650339126587,0.5230439305305481,1.1415469646453857
2351,0.4375,1.0,-0.01732802949845791,1.1322085857391357,0.5487762689590454,1.110832691192627
2367,0.5,1.0,-0.051526203751564026,0.8709154725074768,0.3839315176010132,0.9939966797828674
2383,0.625,1.0,0.01923508569598198,0.8866286277770996,0.4625493884086609,1.0701651573181152
2399,0.375,1.0,-0.27689868211746216,0.9756044149398804,0.21090352535247803,0.935961127281189
2415,0.625,1.0,-0.2650996446609497,0.954879641532898,0.21234017610549927,0.8373529314994812
2431,0.625,1.0,-0.3190769851207733,0.9385107159614563,0.15017837285995483,0.9970815777778625
2447,0.5625,1.0,0.10715758800506592,1.0628256797790527,0.6385704278945923,0.8071524500846863
2463,0.5625,1.0,0.14773797988891602,1.0520354509353638,0.6737557053565979,0.8481971621513367
2479,0.625,1.0,0.4633345305919647,0.9471355080604553,0.9369022846221924,0.8026133179664612
2495,0.5625,1.0,0.4360499083995819,1.1203973293304443,0.9962486028671265,0.8113093972206116
2511,0.4375,1.0,0.21088135242462158,0.9804165363311768,0.70108962059021,0.8982453942298889
2527,0.6875,1.0,-0.04159320890903473,0.8730790019035339,0.39494627714157104,0.8738595843315125
2543,0.625,1.0,-0.38630959391593933,0.9972455501556396,0.1123131811618805,0.7642186880111694
2559,0.6875,1.0,-0.3118332624435425,1.140573263168335,0.258453369140625,0.8553876280784607
2575,0.5,1.0,-0.3656851649284363,1.0251914262771606,0.14691054821014404,0.733434796333313
2591,0.625,1.0,-0.2573942542076111,0.9783331155776978,0.2317723035812378,0.8052353262901306
2607,0.625,1.0,-0.1665111631155014,0.946708619594574,0.3068431615829468,0.8492506742477417
2623,0.5,1.0,-0.10691741108894348,0.8482389450073242,0.31720206141471863,0.8614602088928223
2639,0.5,1.0,0.27958744764328003,0.9383808970451355,0.7487778663635254,0.8198809027671814
2655,0.6875,1.0,0.25930845737457275,1.0186574459075928,0.7686371803283691,0.7187389731407166
2671,0.5,1.0,0.08943398296833038,1.0249643325805664,0.6019161343574524,0.7937909960746765
2687,0.625,1.0,0.143613800406456,1.0049216747283936,0.646074652671814,0.8160654902458191
2703,0.4375,1.0,-0.08003929257392883,1.03508460521698,0.43750301003456116,0.8396353125572205
2719,0.5625,1.0,-0.1584392488002777,1.0623549222946167,0.37273821234703064,0.808498740196228
2735,0.5,1.0,-0.14776165783405304,0.9801025390625,0.34228962659835815,0.7945421934127808
2751,0.625,1.0,-0.07092425227165222,1.0408196449279785,0.44948557019233704,0.8621461391448975
2767,0.375,1.0,-0.18135957419872284,1.1368532180786133,0.3870670199394226,0.7759371399879456
2783,0.625,1.0,-0.09840324521064758,0.9445726871490479,0.37388309836387634,0.7714307308197021
2799,0.5625,1.0,0.18754976987838745,0.9819939136505127,0.6785467267036438,0.7333847284317017
2815,0.5625,1.0,0.00036378917866386473,0.9192204475402832,0.4599740207195282,0.7696675658226013
2831,0.3125,1.0,0.20226365327835083,1.054199457168579,0.7293633818626404,0.7418554425239563
2847,0.5,1.0,0.1259901225566864,0.9755476117134094,0.6137639284133911,0.8000155091285706
2863,0.375,1.0,0.050307586789131165,0.9692330360412598,0.5349240899085999,0.7534763813018799
2879,0.375,1.0,-0.24159839749336243,1.0649081468582153,0.29085567593574524,0.7656469941139221
2895,0.5625,1.0,-0.28060969710350037,1.0238685607910156,0.23132458329200745,0.769746720790863
2911,0.375,1.0,-0.020418917760252953,1.0623525381088257,0.510757327079773,0.7836133241653442
2927,0.5625,1.0,-0.19708943367004395,0.9432457089424133,0.2745334208011627,0.7383689880371094
2943,0.625,1.0,-0.138115793466568,0.9641611576080322,0.3439647853374481,0.6990039348602295
2959,0.5625,1.0,0.044017352163791656,0.9567686915397644,0.5224016904830933,0.6525911688804626
2975,0.625,1.0,0.15781813859939575,1.0191084146499634,0.6673723459243774,0.6851199865341187
2991,0.5625,1.0,0.1737835705280304,0.9721657633781433,0.659866452217102,0.6656956672668457
3007,0.5,1.0,0.34790509939193726,1.0174745321273804,0.8566423654556274,0.642485499382019
3023,0.4375,1.0,-0.05583163723349571,1.0305812358856201,0.45945897698402405,0.6380042433738708
3039,0.5,1.0,-0.06132955849170685,1.0417503118515015,0.4595456123352051,0.5907940864562988
3055,0.375,1.0,-0.310803085565567,1.0506442785263062,0.21451905369758606,0.6018542647361755
3071,0.4375,1.0,-0.2201594114303589,1.006578803062439,0.2831299901008606,0.5942288637161255
3087,0.4375,1.0,-0.07056361436843872,0.9688333868980408,0.41385307908058167,0.6045594215393066
3103,0.3125,1.0,-0.09366241097450256,1.0124629735946655,0.4125690758228302,0.5941299200057983
3119,0.4375,1.0,0.07703467458486557,0.9867838621139526,0.5704265832901001,0.6023426055908203
3135,0.4375,1.0,0.2452741116285324,1.0367250442504883,0.7636366486549377,0.5989381074905396
3151,0.5,1.0,0.07954559475183487,0.9527055025100708,0.5558983683586121,0.6116706132888794
3167,0.375,1.0,0.11149806529283524,0.964230477809906,0.59361332654953,0.5558191537857056
3183,0.5,1.0,-0.12285302579402924,0.9626294374465942,0.3584616780281067,0.5612913966178894
3199,0.5,1.0,-0.18960754573345184,0.9442265629768372,0.28250575065612793,0.6017435789108276
3215,0.625,1.0,-0.263170450925827,0.9789896011352539,0.22632434964179993,0.5404759645462036
3231,0.3125,1.0,-0.21148249506950378,1.0183768272399902,0.29770591855049133,0.5239884853363037
3247,0.4375,1.0,-0.09481232613325119,0.9545227885246277,0.38244906067848206,0.5411309003829956
3263,0.5625,1.0,-0.039844851940870285,0.9943633675575256,0.4573368430137634,0.4934292137622833
3279,0.5,1.0,0.10628043860197067,0.9605229496955872,0.5865418910980225,0.5026858448982239
3295,0.625,1.0,0.4306028187274933,0.9882180690765381,0.9247118234634399,0.4960068464279175
3311,0.375,1.0,0.04426282271742821,1.0131083726882935,0.5508170127868652,0.47433969378471375
3327,0.5,1.0,-0.10485862195491791,0.9334084391593933,0.36184561252593994,0.4529828727245331
3343,0.625,1.0,-0.11896875500679016,0.9948021173477173,0.3784323036670685,0.4735930860042572
3359,0.6875,1.0,-0.11896554380655289,0.9475170969963074,0.3547930121421814,0.4522804319858551
3375,0.5625,1.0,0.08412875980138779,0.9430066347122192,0.5556320548057556,0.4762708842754364
3391,0.6875,1.0,-0.03765914589166641,0.9775118231773376,0.451096773147583,0.4800948202610016
3407,0.4375,1.0,0.060626525431871414,0.9875741600990295,0.5544136166572571,0.5099385976791382
3423,0.625,1.0,-0.18659144639968872,0.9383030533790588,0.2825600802898407,0.5153894424438477
3439,0.5625,1.0,-0.09735629707574844,0.9244515895843506,0.36486950516700745,0.551317036151886
3455,0.875,1.0,-0.005774094723165035,0.9260883927345276,0.4572701156139374,0.5589731931686401
3471,0.4375,1.0,0.14636392891407013,0.9761572480201721,0.6344425678253174,0.5610024929046631
3487,0.375,1.0,0.19795194268226624,1.0324658155441284,0.7141848802566528,0.5669147968292236
3503,0.1875,1.0,0.05427450314164162,1.0075759887695312,0.5580624938011169,0.6008230447769165
3519,0.625,1.0,-0.013318483717739582,0.9527011513710022,0.4630320966243744,0.623841404914856
3535,0.625,1.0,0.1306709349155426,0.9932519197463989,0.6272969245910645,0.664827823638916
3551,0.5625,1.0,0.01608087122440338,0.9524322748184204,0.4922969937324524,0.6680116653442383
3567,0.4375,1.0,-0.06822703778743744,0.9894738793373108,0.42650991678237915,0.7297478318214417
3583,0.625,1.0,-0.2196427434682846,1.0072910785675049,0.28400278091430664,0.7129637002944946
3599,0.8125,1.0,-0.15338025987148285,0.9776552319526672,0.33544737100601196,0.724554181098938
3615,0.5,1.0,-0.015613879077136517,0.9604007005691528,0.464586466550827,0.7191033959388733
3631,0.6875,1.0,0.04466056451201439,0.9268431067466736,0.5080820918083191,0.7426983714103699
3647,0.5,1.0,0.28652888536453247,0.9615636467933655,0.7673107385635376,0.7256508469581604
3663,0.5,1.0,0.13373851776123047,0.9541624188423157,0.6108196973800659,0.7055291533470154
3679,0.5625,1.0,-0.1512424498796463,0.9304713606834412,0.3139932155609131,0.7026923894882202
3695,0.5625,1.0,-0.1860470026731491,0.9402556419372559,0.2840808033943176,0.685215413570404
3711,0.625,1.0,-0.11772746592760086,0.9604222774505615,0.3624836802482605,0.6915234923362732
3727,0.5,1.0,0.0006091713439673185,1.0008254051208496,0.5010218620300293,0.6993821859359741
3743,0.3125,1.0,0.17738758027553558,1.0599963665008545,0.707385778427124,0.6918820738792419
3759,0.375,1.0,0.1183793768286705,1.0041121244430542,0.6204354166984558,0.7039806842803955
3775,0.4375,1.0,-0.09286650270223618,0.981270432472229,0.39776870608329773,0.7075878977775574
3791,0.4375,1.0,-0.008258653804659843,0.9924910664558411,0.48798689246177673,0.7009785771369934
3807,0.375,1.0,-0.3649881184101105,1.023952841758728,0.14698830246925354,0.7139539122581482
3823,0.5,1.0,0.01347073819488287,0.9449073672294617,0.4859244227409363,0.6989399790763855
3839,0.5625,1.0,-0.07761214673519135,0.9196325540542603,0.3822041153907776,0.6868458986282349
3855,0.6875,1.0,0.00189878698438406,0.9479628205299377,0.4758802056312561,0.6447609663009644
3871,0.5625,1.0,0.14704859256744385,0.9494941830635071,0.621795654296875,0.6215375065803528
3887,0.5625,1.0,0.09607891738414764,0.9441947340965271,0.56817626953125,0.5932113528251648
3903,0.375,1.0,-0.06059756502509117,0.9970152378082275,0.4379100501537323,0.585213840007782
3919,0.5,1.0,0.006582128349691629,0.945142924785614,0.4791536033153534,0.6148669123649597
3935,0.625,1.0,-0.17861153185367584,0.9515141248703003,0.2971455454826355,0.6143169403076172
3951,0.5625,1.0,-0.059210263192653656,0.9382897019386292,0.4099345803260803,0.5525530576705933
3967,0.5,1.0,-0.013569250702857971,0.9745131134986877,0.4736872911453247,0.5425090193748474
3983,0.4375,1.0,-0.10138183832168579,1.0674052238464355,0.432320773601532,0.505468487739563
3999,0.5625,1.0,-0.0582161508500576,1.0388507843017578,0.461209237575531,0.46076586842536926
4015,0.875,1.0,-0.018119681626558304,0.9252058267593384,0.44448322057724,0.4592415690422058
4031,0.5625,1.0,-0.04641750454902649,0.9439399838447571,0.42555248737335205,0.47402557730674744
4047,0.4375,1.0,0.06087903678417206,0.980962872505188,0.5513604879379272,0.44216641783714294
4063,0.75,1.0,-0.06382959336042404,0.9373831748962402,0.4048619866371155,0.4339945316314697
4079,0.6875,1.0,0.04699236899614334,0.949776291847229,0.5218805074691772,0.42776525020599365
4095,0.5,1.0,-0.03142542392015457,1.0812618732452393,0.5092055201530457,0.41705766320228577
4111,0.625,1.0,0.003358013229444623,0.8872870802879333,0.44700154662132263,0.4035731256008148
4127,0.5,1.0,0.006652014330029488,0.9023739099502563,0.4578389823436737,0.4271485507488251
4143,0.5,1.0,-0.2559877634048462,1.1090933084487915,0.29855889081954956,0.4009006917476654
4159,0.75,1.0,-0.15369488298892975,0.984316349029541,0.33846330642700195,0.4246160387992859
4175,0.6875,1.0,-0.05950118228793144,0.9417954683303833,0.4113965630531311,0.4081953167915344
4191,0.625,1.0,-0.12425216287374496,0.9552318453788757,0.3533637523651123,0.44307002425193787
4207,0.5,1.0,-0.03293869271874428,0.884546160697937,0.4093343913555145,0.41912564635276794
4223,0.6875,1.0,0.24656948447227478,0.9855054020881653,0.7393221855163574,0.4315142035484314
4239,0.625,1.0,-0.006518062204122543,0.91743403673172,0.45219895243644714,0.41714853048324585
4255,0.5625,1.0,0.014292445965111256,1.027097463607788,0.5278411507606506,0.4045666754245758
4271,0.5625,1.0,-0.038310445845127106,0.9274271726608276,0.4254031479358673,0.4037766754627228
4287,0.5625,1.0,0.05624064803123474,1.006609320640564,0.5595452785491943,0.4390115737915039
4303,0.625,1.0,-0.3236980438232422,1.0230045318603516,0.1878042221069336,0.42726078629493713
4319,0.625,1.0,-0.10153961926698685,0.8838112354278564,0.340366005897522,0.4347626864910126
4335,0.4375,1.0,0.07365339249372482,1.021986722946167,0.5846467614173889,0.4419119358062744
4351,0.4375,1.0,-0.09994982182979584,0.9624398946762085,0.3812701106071472,0.46650630235671997
4367,0.5625,1.0,-0.10801763832569122,0.9436551332473755,0.3638099431991577,0.47660061717033386
4383,0.75,1.0,0.07965653389692307,0.8878549933433533,0.5235840082168579,0.4673553705215454
4399,0.625,1.0,-0.0474669374525547,1.0094608068466187,0.4572634696960449,0.43151795864105225
4415,0.5,1.0,0.04242522642016411,1.0429766178131104,0.5639135241508484,0.38998645544052124
4431,0.5625,1.0,0.14166070520877838,1.042205572128296,0.6627634763717651,0.36382612586021423
4447,0.8125,1.0,-0.018380355089902878,0.9343163371086121,0.44877782464027405,0.34437963366508484
4463,0.6875,1.0,0.053029950708150864,0.904116153717041,0.5050880312919617,0.3474401831626892
4479,0.25,1.0,-0.1059223935008049,1.0097843408584595,0.39896976947784424,0.3350747525691986
4495,0.5,1.0,-0.22413408756256104,0.9534527659416199,0.2525922954082489,0.3537043333053589
4511,0.4375,1.0,-0.18867383897304535,0.9673827886581421,0.2950175404548645,0.33820825815200806
4527,0.625,1.0,-0.016632206737995148,0.9517495036125183,0.4592425525188446,0.3620840013027191
4543,0.6875,1.0,0.09570462256669998,1.0451273918151855,0.6182683110237122,0.39169660210609436
4559,0.6875,1.0,0.03767678141593933,0.9552251696586609,0.5152893662452698,0.3948572278022766
4575,0.5625,1.0,0.1052127406001091,0.9306336045265198,0.5705295205116272,0.41911202669143677
4591,0.625,1.0,-0.09777192026376724,0.9814379215240479,0.3929470479488373,0.4234905540943146
4607,0.75,1.0,0.03566998615860939,0.8307353854179382,0.4510376751422882,0.4397850036621094
4623,0.4375,1.0,-0.05169418081641197,0.9032837748527527,0.3999477028846741,0.4597134292125702
4639,0.75,1.0,-0.1772392839193344,0.8602103590965271,0.25286591053009033,0.458868145942688
4655,0.6875,1.0,-0.007762690540403128,0.9608609676361084,0.47266778349876404,0.45765939354896545
4671,0.375,1.0,0.12949757277965546,0.9851408004760742,0.6220679879188538,0.4723954200744629
4687,0.375,1.0,0.009276383556425571,1.0193907022476196,0.5189717411994934,0.465628981590271
4703,0.75,1.0,0.17706942558288574,0.923069953918457,0.6386044025421143,0.4735265374183655
4719,0.5,1.0,-0.20944048464298248,0.9283202886581421,0.25471967458724976,0.4706679880619049
4735,0.4375,1.0,-0.02451111003756523,1.0525856018066406,0.501781702041626,0.4338025748729706
4751,0.75,1.0,-0.0028199157677590847,0.9462219476699829,0.47029104828834534,0.43894442915916443
4767,0.5625,1.0,-0.035532958805561066,0.9924275279045105,0.4606808125972748,0.4414633512496948
4783,0.3125,1.0,-0.2488669455051422,0.9337821006774902,0.2180241048336029,0.43845418095588684
4799,0.6875,1.0,-0.04458146542310715,1.039530634880066,0.4751838445663452,0.47132787108421326
4815,0.625,1.0,0.14750581979751587,0.9037346839904785,0.5993731617927551,0.5232439041137695
4831,0.6875,1.0,-0.010219098068773746,0.9601379632949829,0.4698498845100403,0.5588439702987671
4847,0.5625,1.0,0.05286591127514839,1.0877729654312134,0.596752405166626,0.5984724164009094
4863,0.3125,1.0,0.06761680543422699,1.0029406547546387,0.5690871477127075,0.6347855925559998
4879,0.5,1.0,0.15637484192848206,0.9646378755569458,0.6386938095092773,0.6665183305740356
4895,0.25,1.0,-0.11707625538110733,0.9307305216789246,0.34828901290893555,0.7008872628211975
4911,0.5,1.0,-0.2749839425086975,0.8864211440086365,0.16822662949562073,0.7385437488555908
4927,0.625,1.0,-0.0776371955871582,1.1168030500411987,0.48076432943344116,0.7365983128547668
4943,0.625,1.0,0.14464102685451508,0.9761930108070374,0.6327375173568726,0.7481927275657654
4959,0.5,1.0,0.06878980249166489,0.9558981657028198,0.546738862991333,0.7464303970336914
4975,0.3125,1.0,0.011143029667437077,1.0458475351333618,0.5340667963027954,0.7497106194496155
4991,0.5,1.0,0.041557759046554565,0.8880612254142761,0.4855883717536926,0.744982123374939
5007,0.625,1.0,0.015300389379262924,0.90763920545578,0.46911999583244324,0.7341967821121216
5023,0.625,1.0,-0.04489852488040924,1.0067009925842285,0.4584519863128662,0.7358053922653198
5039,0.5625,1.0,-0.12336550652980804,0.9113233685493469,0.3322961926460266,0.7394811511039734
5055,0.5,1.0,-0.0460854135453701,0.9210344552993774,0.4144318103790283,0.7262945771217346
5071,0.625,1.0,-0.07805830985307693,0.9119227528572083,0.3779030740261078,0.7126550078392029
5087,0.5,1.0,0.020907897502183914,0.8594866991043091,0.45065125823020935,0.7109857201576233
5103,0.625,1.0,-0.16260729730129242,0.9442223310470581,0.30950385332107544,0.6772267818450928
5119,0.5625,1.0,-0.0408870130777359,0.9442543387413025,0.43124014139175415,0.6659810543060303
5135,0.75,1.0,0.046169161796569824,1.038412094116211,0.5653752088546753,0.6574801206588745
5151,0.5625,1.0,0.18457548320293427,0.9562686681747437,0.6627098321914673,0.6478244662284851
5167,0.5,1.0,0.07741733640432358,1.0130910873413086,0.5839628577232361,0.6461178660392761
5183,0.375,1.0,-0.1466030478477478,0.949350118637085,0.3280720114707947,0.5933477878570557
5199,0.5625,1.0,-0.09274527430534363,0.9131408333778381,0.36382514238357544,0.5600297451019287
5215,0.4375,1.0,-0.10338401794433594,1.0119004249572754,0.40256619453430176,0.537781298160553
5231,0.3125,1.0,-0.18208128213882446,1.1386030912399292,0.38722026348114014,0.48528674244880676
5247,0.5,1.0,0.054040148854255676,0.9368736743927002,0.5224769711494446,0.4661824405193329
5263,0.4375,1.0,0.14302271604537964,1.0751045942306519,0.6805750131607056,0.4460087716579437
5279,0.625,1.0,0.21558122336864471,0.9489403367042542,0.6900513768196106,0.43099725246429443
5295,0.4375,1.0,0.003810636233538389,1.056748628616333,0.5321849584579468,0.42084801197052
5311,0.375,1.0,-0.24686403572559357,1.0223102569580078,0.26429110765457153,0.39930519461631775
5327,0.5625,1.0,-0.1809576004743576,0.9362165331840515,0.28715068101882935,0.3691519796848297
5343,0.375,1.0,-0.1724502444267273,0.9478139877319336,0.3014567494392395,0.34011968970298767
5359,0.6875,1.0,-0.07541029155254364,0.9341732859611511,0.3916763663291931,0.31234872341156006
5375,0.5625,1.0,0.0422571636736393,0.9307398200035095,0.5076270699501038,0.26109981536865234
5391,0.5625,1.0,-0.0037668165750801563,1.013346791267395,0.5029065608978271,0.21613864600658417
5407,0.625,1.0,0.099232517182827,0.9650874137878418,0.5817762017250061,0.18973976373672485
5423,0.625,1.0,0.08922918140888214,0.9407402276992798,0.5595992803573608,0.1770666092634201
5439,0.6875,1.0,-0.04068347066640854,0.9538249373435974,0.43622899055480957,0.16815383732318878
5455,0.5,1.0,-0.0014734583673998713,0.987599790096283,0.49232643842697144,0.1541217863559723
5471,0.5625,1.0,-0.3868187665939331,0.974294126033783,0.10032829642295837,0.15511342883110046
5487,0.375,1.0,-0.2150806486606598,1.0014604330062866,0.2856495678424835,0.15698668360710144
5503,0.5,1.0,0.1409032642841339,0.9002963304519653,0.591051459312439,0.15102621912956238
5519,0.625,1.0,0.27555814385414124,0.9466294646263123,0.7488728761672974,0.15504522621631622
5535,0.3125,1.0,0.11280760169029236,1.098488450050354,0.662051796913147,0.13301728665828705
5551,0.625,1.0,-0.011456230655312538,0.9713540077209473,0.47422078251838684,0.11398012936115265
5567,0.6875,1.0,-0.34862205386161804,1.0109599828720093,0.1568579375743866,0.09982259571552277
5583,0.5,1.0,-0.2612883746623993,0.9650902152061462,0.22125673294067383,0.09696494042873383
5599,0.4375,1.0,-0.12925447523593903,1.0069184303283691,0.37420475482940674,0.0913044810295105
5615,0.75,1.0,0.3320353031158447,0.9755809903144836,0.8198257684707642,0.08426357060670853
5631,0.6875,1.0,0.3389025330543518,0.8967182040214539,0.7872616052627563,0.08718699216842651
5647,0.6875,1.0,0.190965935587883,0.9620301723480225,0.6719810366630554,0.07910838723182678
5663,0.5625,1.0,-0.07699879258871078,0.9921754002571106,0.4190889000892639,0.08764544874429703
5679,0.4375,1.0,-0.2521779537200928,0.9278982281684875,0.211771160364151,0.08976054936647415
5695,0.625,1.0,-0.39471864700317383,0.9711523056030273,0.09085750579833984,0.10043497383594513
5711,0.375,1.0,-0.05422423779964447,1.1194655895233154,0.505508542060852,0.10565071552991867
5727,0.6875,1.0,0.1386052966117859,0.9436086416244507,0.6104096174240112,0.1110113114118576
5743,0.5,1.0,0.22797144949436188,0.9386972784996033,0.6973201036453247,0.1146814227104187
5759,0.375,1.0,0.26678428053855896,0.9986898303031921,0.766129195690155,0.11412067711353302
5775,0.25,1.0,-0.04147171601653099,0.9891243577003479,0.45309045910835266,0.1161704808473587
5791,0.5625,1.0,-0.18385285139083862,0.9324884414672852,0.28239136934280396,0.1449996381998062
5807,0.5625,1.0,-0.13287781178951263,1.0119683742523193,0.37310636043548584,0.15648457407951355
5823,0.5625,1.0,-0.21127404272556305,0.9478634595870972,0.26265770196914673,0.17381583154201508
5839,0.5,1.0,0.039346400648355484,0.9713777899742126,0.5250353217124939,0.18909230828285217
5855,0.4375,1.0,0.09701406210660934,0.9116530418395996,0.5528405904769897,0.19492357969284058
5871,0.5,1.0,0.10463538765907288,1.0448063611984253,0.6270385980606079,0.20520614087581635
5887,0.5625,1.0,0.17652150988578796,0.974303126335144,0.6636730432510376,0.22085411846637726
5903,0.4375,1.0,-0.17925074696540833,0.9602242708206177,0.3008613884449005,0.25394004583358765
5919,0.625,1.0,-0.01748395524919033,0.9368270039558411,0.45092955231666565,0.25283029675483704
5935,0.6875,1.0,-0.052023399621248245,0.92994624376297,0.41294971108436584,0.25440049171447754
5951,0.4375,1.0,-0.16771622002124786,1.0606443881988525,0.3626059889793396,0.2587088942527771
5967,0.375,1.0,0.012295209802687168,0.9855130910873413,0.5050517320632935,0.30797597765922546
5983,0.625,1.0,-0.046745724976062775,0.9292885661125183,0.417898565530777,0.2707892656326294
5999,0.375,1.0,0.12048157304525375,1.0043901205062866,0.6226766109466553,0.28908663988113403
6015,0.6875,1.0,0.018017588183283806,0.9496099948883057,0.4928225874900818,0.2824450135231018
6031,0.6875,1.0,-0.012644844129681587,0.891394853591919,0.43305256962776184,0.278668612241745
6047,0.625,1.0,-0.08401647210121155,0.8940950036048889,0.3630310297012329,0.3328896164894104
6063,0.5,1.0,-0.1872558295726776,0.9068282842636108,0.2661583125591278,0.3043745458126068
6079,0.625,1.0,0.11012457311153412,1.0137691497802734,0.617009162902832,0.3136400282382965
6095,0.625,1.0,0.06389053165912628,0.9059731960296631,0.5168771147727966,0.315803200006485
6111,0.4375,1.0,-0.09237304329872131,1.0111913681030273,0.41322264075279236,0.3038058578968048
6127,0.6875,1.0,-0.13264639675617218,0.9764956831932068,0.35560142993927,0.2936024069786072
6143,0.5,1.0,0.15673565864562988,1.003228783607483,0.6583500504493713,0.3006821274757385
6159,0.5,1.0,0.10672041773796082,0.9220281839370728,0.5677344799041748,0.30133259296417236
6175,0.4375,1.0,-0.22947129607200623,0.9704128503799438,0.2557351291179657,0.2845652401447296
6191,0.5625,1.0,-0.026642676442861557,0.9294362664222717,0.438075453042984,0.24881453812122345
6207,0.75,1.0,-0.1618262678384781,0.9299007058143616,0.3031240701675415,0.21436819434165955
6223,0.5,1.0,0.1622350662946701,1.0324018001556396,0.6784359812736511,0.17973609268665314
6239,0.6875,1.0,0.1618691235780716,0.9447097182273865,0.634223997592926,0.16746258735656738
6255,0.5625,1.0,0.15727654099464417,0.9749025106430054,0.6447278261184692,0.14427608251571655
6271,0.5625,1.0,-0.03851708397269249,0.9372321367263794,0.4300989806652069,0.13039530813694
6287,0.4375,1.0,-0.41715207695961,1.0143439769744873,0.09001991152763367,0.11918563395738602
6303,0.5,1.0,-0.35941505432128906,0.9942752122879028,0.13772255182266235,0.10574445873498917
6319,0.75,1.0,0.14091947674751282,0.8724960088729858,0.5771675109863281,0.10758235305547714
6335,0.5625,1.0,0.04697145149111748,0.9283379316329956,0.5111404061317444,0.1024072915315628
6351,0.625,1.0,0.11180339008569717,0.8943225145339966,0.5589646697044373,0.08489106595516205
6367,0.5,1.0,0.03704480826854706,0.9314692616462708,0.5027794241905212,0.08816148340702057
6383,0.75,1.0,-0.041774630546569824,0.8442103862762451,0.38033056259155273,0.07509876042604446
6399,0.5625,1.0,-0.15676374733448029,0.9052271246910095,0.2958498001098633,0.07828322052955627
6415,0.6875,1.0,-0.2294263243675232,0.9097912907600403,0.22546932101249695,0.07282549142837524
6431,0.4375,1.0,0.01528671383857727,0.9632307887077332,0.49690210819244385,0.0739976167678833
6447,0.75,1.0,0.13220727443695068,1.003760576248169,0.6340875625610352,0.07042407244443893
6463,0.5625,1.0,0.11393564939498901,1.0299361944198608,0.6289037466049194,0.07641027122735977
6479,0.75,1.0,-0.001441883621737361,1.0649359226226807,0.5310260653495789,0.07203615456819534
6495,0.5,1.0,-0.08326012641191483,1.065171241760254,0.4493255019187927,0.06833618134260178
6511,0.5,1.0,-0.12715572118759155,1.0043636560440063,0.3750261068344116,0.060956258326768875
6527,0.5625,1.0,-0.05565513297915459,0.9091160297393799,0.39890289306640625,0.062209054827690125
6543,0.5625,1.0,0.15133041143417358,0.989368736743927,0.6460148096084595,0.06162545084953308
6559,0.5625,1.0,0.1535654067993164,0.9346582889556885,0.6208945512771606,0.057926710695028305
6575,0.5625,1.0,-0.08687885850667953,0.9778879284858704,0.40206509828567505,0.05211248993873596
6591,0.4375,1.0,-0.13885994255542755,1.026740312576294,0.3745102286338806,0.05307503417134285
6607,0.6875,1.0,-0.18708373606204987,0.9051744341850281,0.265503466129303,0.0479445606470108
6623,0.4375,1.0,-0.03845096006989479,1.0251374244689941,0.4741177558898926,0.04713425040245056
6639,0.5625,1.0,0.23478256165981293,0.991039514541626,0.7303023338317871,0.04607698321342468
6655,0.625,1.0,0.08378604799509048,0.9002282023429871,0.5339001417160034,0.0531352236866951
6671,0.875,1.0,-0.17935848236083984,0.8482188582420349,0.2447509467601776,0.04878439009189606
6687,0.75,1.0,-0.22721397876739502,0.8779110908508301,0.21174156665802002,0.04886957257986069
6703,0.8125,1.0,-0.07342374324798584,0.9684187769889832,0.41078564524650574,0.04938311502337456
6719,0.4375,1.0,-0.06993486732244492,1.0445582866668701,0.45234426856040955,0.049793485552072525
6735,0.5625,1.0,0.24206098914146423,0.9181965589523315,0.7011592388153076,0.0498383603990078
6751,0.375,1.0,0.17282316088676453,1.099373459815979,0.7225098609924316,0.057728905230760574
6767,0.625,1.0,0.10145833343267441,0.9584187269210815,0.5806676745414734,0.06339633464813232
6783,0.625,1.0,-0.2605929672718048,0.9074357748031616,0.193124920129776,0.06483389437198639
6799,0.5,1.0,-0.3460586369037628,0.9613671898841858,0.13462495803833008,0.07346450537443161
6815,0.5,1.0,-0.08514462411403656,0.9950777888298035,0.41239428520202637,0.08299799263477325
6831,0.5,1.0,0.04841114953160286,1.033593773841858,0.5652080178260803,0.08692669123411179
6847,0.6875,1.0,-0.07534031569957733,0.808669924736023,0.32899463176727295,0.0917026698589325
6863,0.25,1.0,0.1589452475309372,0.9597251415252686,0.6388078331947327,0.11085197329521179
6879,0.625,1.0,-0.028929898515343666,0.9267464876174927,0.4344433546066284,0.12882521748542786
6895,0.625,1.0,-0.03595218434929848,0.8421806693077087,0.3851381540298462,0.1585705280303955
6911,0.4375,1.0,0.03932206705212593,1.0274088382720947,0.5530264973640442,0.15085263550281525
6927,0.4375,1.0,-0.4072909951210022,1.034500002861023,0.10995900630950928,0.167101189494133
6943,0.4375,1.0,-0.28195422887802124,0.9890462756156921,0.21256890892982483,0.20988024771213531
6959,0.5,1.0,-0.11663033068180084,1.0578069686889648,0.4122731685638428,0.2216719388961792
6975,0.6875,1.0,0.12076849490404129,0.8266549110412598,0.5340959429740906,0.2419985830783844
6991,0.625,1.0,0.2781074345111847,0.9733600616455078,0.7647874355316162,0.23885594308376312
7007,0.5625,1.0,-0.07727647572755814,0.9215390682220459,0.3834930658340454,0.23710648715496063
7023,0.5625,1.0,-0.0003686985292006284,0.9323287010192871,0.4657956659793854,0.23570656776428223
7039,0.625,1.0,-0.1327364444732666,0.9112486243247986,0.3228878676891327,0.23756077885627747
7055,0.3125,1.0,-0.08588138967752457,1.0647592544555664,0.44649824500083923,0.22825419902801514
7071,0.625,1.0,-0.23204343020915985,1.013047218322754,0.2744801640510559,0.24024716019630432
7087,0.625,1.0,0.20927374064922333,0.947380542755127,0.682964026927948,0.24638818204402924
7103,0.5625,1.0,0.22922863066196442,0.8332387208938599,0.6458479762077332,0.31184878945350647
7119,0.5625,1.0,0.11317646503448486,0.9821101427078247,0.6042315363883972,0.34815266728401184
7135,0.5625,1.0,-0.26352089643478394,0.9935342073440552,0.23324620723724365,0.36411240696907043
7151,0.5625,1.0,-0.06921853125095367,0.9241458177566528,0.39285439252853394,0.3824291229248047
7167,0.4375,1.0,0.05322151631116867,0.9915117025375366,0.5489773750305176,0.3853660225868225
7183,0.5,1.0,0.06548309326171875,1.0188424587249756,0.5749043226242065,0.38094621896743774
7199,0.6875,1.0,-0.19938924908638,0.9234615564346313,0.26234152913093567,0.3764783442020416
7215,0.375,1.0,-0.1477009803056717,0.9467663764953613,0.32568222284317017,0.3910342752933502
7231,0.625,1.0,0.0752367228269577,0.9263450503349304,0.5384092330932617,0.36790189146995544
7247,0.5625,1.0,-0.0384824275970459,0.860776960849762,0.3919060528278351,0.3650718331336975
7263,0.625,1.0,0.15595203638076782,0.9308558702468872,0.6213799715042114,0.37478429079055786
7279,0.625,1.0,-0.09125158935785294,0.8936512470245361,0.3555740416049957,0.38994964957237244
7295,0.5625,1.0,-0.2451263964176178,0.8810459971427917,0.19539660215377808,0.3921249210834503
7311,0.5,1.0,-0.1792076677083969,0.9628394246101379,0.30221205949783325,0.3965846002101898
7327,0.5625,1.0,-0.14419348537921906,0.9565803408622742,0.33409667015075684,0.4150269031524658
7343,0.5,1.0,0.20027512311935425,1.0188647508621216,0.709707498550415,0.4256567060947418
7359,0.8125,1.0,0.03871212154626846,0.8160542845726013,0.4467392563819885,0.46233081817626953
7375,0.5625,1.0,0.11759573966264725,0.9166315793991089,0.5759115219116211,0.49510422348976135
7391,0.375,1.0,-0.009220046922564507,1.024953007698059,0.5032564401626587,0.5355908274650574
7407,0.625,1.0,-0.3278700113296509,0.953086256980896,0.14867311716079712,0.5642214417457581
7423,0.4375,1.0,-0.11854758113622665,0.9624580144882202,0.36268141865730286,0.6112455725669861
7439,0.6875,1.0,0.06629358977079391,0.8209220170974731,0.4767546057701111,0.6509752869606018
7455,0.4375,1.0,-0.0030290994327515364,1.0505107641220093,0.5222262740135193,0.6698623299598694
7471,0.5625,1.0,0.37219229340553284,1.0092463493347168,0.8768154382705688,0.6839253306388855
7487,0.5,1.0,-0.07304663956165314,1.0483044385910034,0.45110559463500977,0.6979662775993347
7503,0.5625,1.0,-0.15015636384487152,0.8983573317527771,0.2990223169326782,0.7061126828193665
7519,0.625,1.0,-0.2655237317085266,0.9100239276885986,0.1894882321357727,0.6911723017692566
7535,0.625,1.0,-0.09883487969636917,0.8808169960975647,0.3415736258029938,0.660285472869873
7551,0.5625,1.0,-0.22079536318778992,0.9445307850837708,0.25147002935409546,0.6160398125648499
7567,0.5625,1.0,0.036395322531461716,0.9454866051673889,0.5091386437416077,0.5778883099555969
7583,0.5625,1.0,0.2600705027580261,0.9969055652618408,0.7585232853889465,0.5134278535842896
7599,0.625,1.0,0.13013692200183868,0.9963489174842834,0.6283113956451416,0.4612530469894409
7615,0.6875,1.0,-0.06489302217960358,0.9635450839996338,0.4168795347213745,0.3962022662162781
7631,0.6875,1.0,-0.07678522169589996,0.8423535227775574,0.34439152479171753,0.382142573595047
7647,0.375,1.0,-0.19620569050312042,1.0306696891784668,0.31912916898727417,0.36533820629119873
7663,0.5,1.0,-0.12333454936742783,0.8624981045722961,0.30791449546813965,0.3605085611343384
7679,0.6875,1.0,-0.10634893923997879,0.8828592896461487,0.33508071303367615,0.355629026889801
7695,0.5625,1.0,0.11313772946596146,1.0342038869857788,0.6302396655082703,0.36728715896606445
7711,0.5,1.0,0.13194140791893005,1.033672571182251,0.6487777233123779,0.353507399559021
7727,0.5625,1.0,-0.08420474827289581,0.8892608284950256,0.3604256510734558,0.36116957664489746
7743,0.4375,1.0,-0.3456144630908966,0.9614281058311462,0.1350995898246765,0.3738436698913574
7759,0.5625,1.0,-0.013167952187359333,1.0189158916473389,0.496289998292923,0.36938560009002686
7775,0.4375,1.0,-0.10816380381584167,0.9830682873725891,0.3833703398704529,0.37711071968078613
7791,0.6875,1.0,0.19812293350696564,0.9446534514427185,0.6704496741294861,0.3786833584308624
7807,0.5625,1.0,0.07012223452329636,0.8966030478477478,0.5184237360954285,0.37142500281333923
7823,0.625,1.0,-0.08131146430969238,0.8968115448951721,0.3670943081378937,0.3944019675254822
7839,0.4375,1.0,0.09647077322006226,1.0306180715560913,0.6117798089981079,0.41215431690216064
7855,0.5,1.0,-0.3253873586654663,0.9685983061790466,0.158911794424057,0.46702560782432556
7871,0.5625,1.0,0.0534604974091053,0.9984087944030762,0.5526648759841919,0.5064929127693176
7887,0.5625,1.0,-0.10581448674201965,0.977612316608429,0.3829916715621948,0.5532162189483643
7903,0.4375,1.0,0.16490484774112701,1.0434242486953735,0.6866169571876526,0.5809752941131592
7919,0.625,1.0,-0.011905819177627563,1.0025445222854614,0.48936644196510315,0.6220353841781616
7935,0.625,1.0,-0.06888812780380249,0.9771770238876343,0.41970038414001465,0.6395016312599182
7951,0.625,1.0,-0.1530582755804062,0.8804921507835388,0.2871878147125244,0.6680517792701721
7967,0.625,1.0,-0.2157212793827057,0.7971621155738831,0.18285977840423584,0.6646084785461426
7983,0.375,1.0,0.10151314735412598,0.9677832126617432,0.5854047536849976,0.6702958941459656
7999,0.625,1.0,0.085223488509655,0.9208950996398926,0.5456710457801819,0.670502781867981
8015,0.625,1.0,0.09587365388870239,0.9674941301345825,0.5796207189559937,0.6705560684204102
8031,0.5625,1.0,-0.042136527597904205,1.0063831806182861,0.46105507016181946,0.6815043687820435
8047,0.4375,1.0,-0.24310468137264252,0.9943429827690125,0.2540668249130249,0.6804684996604919
8063,0.5625,1.0,-0.03472904488444328,0.9634523391723633,0.44699713587760925,0.6838572025299072
8079,0.625,1.0,0.16449375450611115,0.8965568542480469,0.6127721667289734,0.679478108882904
8095,0.4375,1.0,0.21143987774848938,0.9418298602104187,0.6823548078536987,0.676677405834198
8111,0.625,1.0,-0.01517453696578741,0.9087830781936646,0.4392170011997223,0.6745114326477051
8127,0.6875,1.0,-0.1163262128829956,1.0344072580337524,0.4008774161338806,0.6570019721984863
8143,0.625,1.0,-0.23273052275180817,0.8346500396728516,0.18459449708461761,0.6371877789497375
8159,0.6875,1.0,-0.015526007860898972,0.8231618404388428,0.3960549235343933,0.5988218188285828
8175,0.375,1.0,-0.15835395455360413,1.0948479175567627,0.3890700042247772,0.5405983328819275
8191,0.625,1.0,-0.11723695695400238,0.8517479300498962,0.30863702297210693,0.4957399070262909
8207,0.6875,1.0,-0.08788813650608063,0.9344885945320129,0.37935614585876465,0.4301241636276245
8223,0.5,1.0,0.14429835975170135,0.9907253384590149,0.6396610140800476,0.34726211428642273
8239,0.625,1.0,0.0957341268658638,0.932462751865387,0.5619655251502991,0.2669271230697632
8255,0.6875,1.0,-0.1985347867012024,0.8931851387023926,0.2480577826499939,0.19766849279403687
8271,0.5,1.0,0.16129565238952637,1.1130180358886719,0.7178046703338623,0.15933051705360413
8287,0.5625,1.0,-0.029559951275587082,0.9542185068130493,0.44754931330680847,0.133449524641037
8303,0.625,1.0,-0.1318904310464859,0.82875657081604,0.2824878692626953,0.11250293999910355
8319,0.625,1.0,-0.09890121966600418,0.9602740406990051,0.381235808134079,0.102205291390419
8335,0.625,1.0,0.15011359751224518,0.984331488609314,0.642279326915741,0.09007015824317932
8351,0.625,1.0,0.031130781397223473,0.9235655665397644,0.4929135739803314,0.08870545774698257
8367,0.5625,1.0,-0.05822032690048218,0.9182511568069458,0.4009052515029907,0.07353650778532028
8383,0.4375,1.0,0.01852230727672577,1.0852267742156982,0.5611357092857361,0.07083942741155624
8399,0.5625,1.0,-0.20195220410823822,1.0145264863967896,0.30531102418899536,0.06784753501415253
8415,0.5625,1.0,-0.2654208540916443,1.0682371854782104,0.26869773864746094,0.05767301470041275
8431,0.5625,1.0,-0.03290275111794472,0.9984679222106934,0.46633121371269226,0.062204454094171524
8447,0.6875,1.0,0.3339349329471588,0.8965626358985901,0.7822162508964539,0.0550307035446167
8463,0.6875,1.0,-0.04407979175448418,0.9557414650917053,0.4337909519672394,0.056471146643161774
8479,0.5,1.0,0.04201297089457512,1.0033681392669678,0.5436970591545105,0.055182650685310364
8495,0.75,1.0,-0.31059762835502625,0.7981172800064087,0.0884610116481781,0.05122582986950874
8511,0.625,1.0,-0.0793929398059845,0.9778714776039124,0.4095427989959717,0.05440770089626312
8527,0.5625,1.0,-0.1440511792898178,0.9416123032569885,0.32675498723983765,0.053118690848350525
8543,0.6875,1.0,0.1450159251689911,0.8819445371627808,0.5859881639480591,0.04067740589380264
8559,0.4375,1.0,-0.03136004880070686,1.0618401765823364,0.49956002831459045,0.04193321242928505
8575,0.625,1.0,-0.08675388246774673,0.8804547786712646,0.3534735143184662,0.047732796519994736
8591,0.375,1.0,0.06152720004320145,1.02834951877594,0.5757019519805908,0.04014166072010994
8607,0.6875,1.0,-0.021168963983654976,0.8145973086357117,0.3861296772956848,0.03719271719455719
8623,0.625,1.0,-0.10441745072603226,0.8103147745132446,0.30073994398117065,0.03955408185720444
8639,0.625,1.0,-0.07716955989599228,0.9229450225830078,0.38430294394493103,0.04127167910337448
8655,0.5625,1.0,-0.26423776149749756,1.043054223060608,0.2572893500328064,0.041708070784807205
8671,0.8125,1.0,-0.1797352135181427,0.8271618485450745,0.23384571075439453,0.04300751909613609
8687,0.625,1.0,0.28398072719573975,0.8963983654975891,0.7321798801422119,0.040187738835811615
8703,0.5,1.0,0.10386541485786438,1.0089640617370605,0.6083474159240723,0.038550760596990585
8719,0.625,1.0,0.03730151429772377,0.9186316132545471,0.49661731719970703,0.03938416764140129
8735,0.875,1.0,-0.13858982920646667,0.7741532921791077,0.24848681688308716,0.04062967747449875
8751,0.375,1.0,-0.21997195482254028,0.9749900698661804,0.2675230801105499,0.0431230366230011
8767,0.6875,1.0,-0.06969518959522247,0.8996543288230896,0.38013195991516113,0.047213975340127945
8783,0.5625,1.0,0.0008103172876872122,0.9225706458091736,0.4620956480503082,0.04548964649438858
8799,0.4375,1.0,0.14338244497776031,0.9607459902763367,0.6237554550170898,0.04653295874595642
8815,0.625,1.0,-0.0779101625084877,0.8921288251876831,0.36815425753593445,0.045032355934381485
8831,0.625,1.0,0.13795754313468933,0.9385733604431152,0.6072442531585693,0.048745594918727875
8847,0.5,1.0,-0.02812790870666504,0.8892040252685547,0.4164741039276123,0.05046941339969635
8863,0.75,1.0,-0.38148239254951477,0.8045880794525146,0.020811647176742554,0.052844829857349396
8879,0.6875,1.0,-0.12933610379695892,0.8644654154777527,0.3028966188430786,0.051232822239398956
8895,0.625,1.0,-0.025805123150348663,0.9844722151756287,0.46643099188804626,0.04730416089296341
8911,0.625,1.0,0.15148016810417175,1.0662580728530884,0.6846091747283936,0.04497688636183739
8927,0.4375,1.0,0.041534893214702606,1.1468729972839355,0.614971399307251,0.05573458969593048
8943,0.5,1.0,0.10385296493768692,0.9990460276603699,0.6033759713172913,0.05388414114713669
8959,0.75,1.0,0.011101655662059784,0.9297161102294922,0.4759597182273865,0.05261697620153427
8975,0.5,1.0,-0.1637991964817047,1.1051592826843262,0.3887804448604584,0.05442399904131889
8991,0.75,1.0,-0.3709190785884857,0.7923934459686279,0.025277644395828247,0.0614921934902668
9007,0.6875,1.0,0.015547296963632107,0.8522343039512634,0.441664457321167,0.06091931834816933
9023,0.625,1.0,0.3734782040119171,0.8698300123214722,0.8083932399749756,0.07453756779432297
9039,0.5,1.0,0.18442481756210327,1.0434203147888184,0.7061349749565125,0.0709909051656723
9055,0.625,1.0,-0.09800008684396744,0.8526286482810974,0.32831424474716187,0.07961679995059967
9071,0.75,1.0,-0.35586628317832947,0.8601571321487427,0.07421228289604187,0.08191271126270294
9087,0.5,1.0,-0.363040030002594,1.0320645570755005,0.15299224853515625,0.08768118917942047
9103,0.8125,1.0,-0.14664457738399506,0.7685514092445374,0.23763112723827362,0.10152158886194229
9119,0.5,1.0,0.08955631405115128,1.0581542253494263,0.6186334490776062,0.0992375984787941
9135,0.375,1.0,0.3137373924255371,1.1397372484207153,0.8836060166358948,0.10201050341129303
9151,0.8125,1.0,0.23226520419120789,0.8235729336738586,0.6440516710281372,0.09873066842556
9167,0.5625,1.0,-0.007796206045895815,0.9693165421485901,0.4768620729446411,0.10165800899267197
9183,0.625,1.0,0.15392781794071198,0.8953351974487305,0.601595401763916,0.12069816887378693
9199,0.5625,1.0,-0.5125680565834045,0.9740099310874939,-0.025563091039657593,0.1307426542043686
9215,0.5,1.0,-0.42506077885627747,1.1621747016906738,0.15602657198905945,0.12082833796739578
9231,0.5625,1.0,-0.17330048978328705,0.9562035799026489,0.3048012852668762,0.13275600969791412
9247,0.375,1.0,0.09967883676290512,1.066401720046997,0.6328796744346619,0.128302201628685
9263,0.5625,1.0,0.25117743015289307,0.946067214012146,0.7242110371589661,0.13689199090003967
9279,0.6875,1.0,0.21452222764492035,0.919385552406311,0.6742150187492371,0.1309036910533905
9295,0.6875,1.0,0.17814774811267853,0.9257605075836182,0.6410279870033264,0.12758371233940125
9311,0.625,1.0,-0.17643186450004578,0.9756410717964172,0.31138867139816284,0.14156277477741241
9327,0.6875,1.0,-0.21881605684757233,0.9415823817253113,0.2519751191139221,0.14915719628334045
9343,0.6875,1.0,-0.1748124361038208,0.9508631825447083,0.3006191551685333,0.1553383469581604
9359,0.5625,1.0,-0.40864840149879456,0.9750127792358398,0.07885798811912537,0.1622205227613449
9375,0.75,1.0,-0.008207493461668491,0.8154882788658142,0.3995366394519806,0.16923192143440247
9391,0.5,1.0,0.25942766666412354,0.9606553316116333,0.7397553324699402,0.1812971830368042
9407,0.5,1.0,0.22523461282253265,0.9847144484519958,0.7175918221473694,0.22088316082954407
9423,0.625,1.0,-0.0799679309129715,0.9733628630638123,0.40671348571777344,0.2425869256258011
9439,0.6875,1.0,-0.33795687556266785,0.8999997973442078,0.11204302310943604,0.2697213292121887
9455,0.5625,1.0,-0.2839753329753876,0.9722045660018921,0.20212695002555847,0.2843024432659149
9471,0.375,1.0,0.11708904802799225,1.0423378944396973,0.6382579803466797,0.3170660734176636
9487,0.625,1.0,0.2778431475162506,0.8659014701843262,0.7107938528060913,0.3492089509963989
9503,0.5625,1.0,0.19905005395412445,0.9776645302772522,0.6878823041915894,0.356324166059494
9519,0.75,1.0,0.30367311835289,0.9504283666610718,0.7788872718811035,0.34046670794487
9535,0.4375,1.0,-0.175668865442276,0.9148603677749634,0.2817613184452057,0.34148991107940674
9551,0.75,1.0,-0.5282010436058044,0.9118086099624634,-0.07229673862457275,0.3576997220516205
9567,0.5625,1.0,-0.2471689134836197,0.9259325861930847,0.21579737961292267,0.3574383854866028
9583,0.5,1.0,-0.14382927119731903,1.0370463132858276,0.3746938705444336,0.36948221921920776
9599,0.5,1.0,0.07559312880039215,1.0163519382476807,0.5837690830230713,0.39694324135780334
9615,0.75,1.0,0.3037298023700714,0.9092667102813721,0.7583631277084351,0.44164204597473145
9631,0.5625,1.0,0.44563350081443787,1.0255128145217896,0.9583898782730103,0.4696580171585083
9647,0.4375,1.0,0.20228831470012665,1.0123183727264404,0.7084475159645081,0.514521062374115
9663,0.5,1.0,0.13333216309547424,1.0586782693862915,0.6626713275909424,0.5571925640106201
9679,0.625,1.0,-0.46376070380210876,0.9185767769813538,-0.004472315311431885,0.5857269763946533
9695,0.5625,1.0,-0.3238237798213959,1.0219917297363281,0.1871720850467682,0.605090856552124
9711,0.5625,1.0,-0.19292761385440826,0.9542211294174194,0.28418296575546265,0.604492723941803
9727,0.5,1.0,-0.1510179042816162,0.9374935030937195,0.31772884726524353,0.5946088433265686
9743,0.625,1.0,0.11143463104963303,0.9913545846939087,0.607111930847168,0.5941799879074097
9759,0.375,1.0,0.5045866370201111,1.0297179222106934,1.0194456577301025,0.5761128664016724
9775,0.5,1.0,0.2629927098751068,0.9816327095031738,0.7538090944290161,0.5863825082778931
9791,0.5,1.0,-0.042065683752298355,0.9107869267463684,0.41332778334617615,0.6028122901916504
9807,0.75,1.0,-0.3556768000125885,0.8169310092926025,0.05278870463371277,0.6034447550773621
9823,0.8125,1.0,-0.3011629283428192,0.9137901663780212,0.1557321548461914,0.5723253488540649
9839,0.5,1.0,-0.28679990768432617,0.8376104831695557,0.13200533390045166,0.5885940194129944
9855,0.5,1.0,-0.039199281483888626,1.0876823663711548,0.5046418905258179,0.5816499590873718
9871,0.5625,1.0,0.040981464087963104,0.890099823474884,0.4860313832759857,0.593712329864502
9887,0.5,1.0,0.27707695960998535,0.9744612574577332,0.7643076181411743,0.58587646484375
9903,0.625,1.0,0.25116005539894104,0.9131219387054443,0.7077209949493408,0.5547275543212891
9919,0.5,1.0,0.028424473479390144,0.9550608396530151,0.505954921245575,0.5533977150917053
9935,0.6875,1.0,-0.25420305132865906,0.9035544991493225,0.1975741982460022,0.5839211940765381
9951,0.4375,1.0,-0.2099049985408783,1.005918264389038,0.29305413365364075,0.5754510164260864
9967,0.625,1.0,-0.055272042751312256,0.906700611114502,0.3980782628059387,0.5900062918663025
9983,0.625,1.0,-0.09517821669578552,0.929993748664856,0.36981865763664246,0.5813454389572144
9999,0.5625,1.0,0.104462631046772,0.9758787155151367,0.5924019813537598,0.637189507484436
